Model,RMSE
RandomForest,75.84965275734645
LinearRegression,12.700195160116536
XGBoost,88.22055018608263
